Sous le sunlight,rigolo,2000,Gilber Montagne,blibu et bli et blou,5,GENIAL LE FILM


Sous le BITE,rigolo,2000,Gilber Montagne,blibu et bli et blou,5,GENIAL LE FILM

Sous le sunlight,rigolo,2000,Gilber Montagne,blibu et bli et blou,5,GENIAL LE FILM
Sous le sunlight,rigolo,2000,Gilber Montagne,blibu et bli et blou,5,GENIAL LE FILM
Sous le sunlight,rigolo,2000,Gilber Montagne,blibu et bli et blou,5,GENIAL LE FILM
Sous le sunlight,rigolo,2000,Gilber Montagne,blibu et bli et blou,5,GENIAL LE FILM
Sous le sunlight,rigolo,2000,Gilber Montagne,blibu et bli et blou,5,GENIAL LE FILM
Sous le sunlight,rigolo,2000,Gilber Montagne,blibu et bli et blou,5,GENIAL LE FILM
Sous le sunlight,rigolo,2000,Gilber Montagne,blibu et bli et blou,5,GENIAL LE FILM
Sous le sunlight,rigolo,2000,Gilber Montagne,blibu et bli et blou,5,GENIAL LE FILM
